{
  "gen_W": 10288.0,
  "cons_W": 10.0,
  "net_W": 10278.0,
  "debt_W": 0.16000000000000014,
  "credit_W": 401.67999999999995,
  "last_commit_cost_W": 0.0
}