{
  "gen_W": 148.8,
  "cons_W": 8.0,
  "net_W": 140.8,
  "debt_W": 2.6559999999999997,
  "credit_W": 0.6080000000000005,
  "last_commit_cost_W": 0.0
}