{
  "gen_W": 239078.40000000002,
  "cons_W": 18.0,
  "net_W": 239060.40000000002,
  "debt_W": 4.864,
  "credit_W": 229198.0,
  "last_commit_cost_W": 0.0
}