{
  "gen_W": 229078.40000000002,
  "cons_W": 16.0,
  "net_W": 229062.40000000002,
  "debt_W": 4.864,
  "credit_W": 228800.0,
  "last_commit_cost_W": 0.0
}